{
    "common": {
        "sdk_tools_url": {
            "linux": "https://dl.google.com/android/repository/commandlinetools-linux-6609375_latest.zip",
            "linux_sha256": "89f308315e041c93a37a79e0627c47f21d5c5edbe5e80ea8dc0aac8a649e0e92",
            "windows": "https://dl.google.com/android/repository/commandlinetools-win-6609375_latest.zip",
            "windows_sha256": "40bba20275180194bebf89bb58c74d712bb93cc401f36bd2f8f32383acf9826c",
            "mac": "https://dl.google.com/android/repository/commandlinetools-mac-6609375_latest.zip",
            "mac_sha256": "2c3822db1c916655223e5ee8ce0fbf6b73d0b99012045c9dc8eaa6a5736c0c55"
        },
        "sdk_essential_packages": {
            "default": ["platform-tools", "platforms;android-31", "cmdline-tools;latest"],
            "linux": [],
            "mac": [],
            "windows": ["extras;google;usb_driver"]
        }
    },
    "specific_qt_versions": [
        {
            "versions": ["default"],
            "sdk_essential_packages": ["build-tools;31.0.0", "ndk;22.1.7171670"],
            "ndk_path": "ndk/22.1.7171670"
        },
        {
            "versions": ["5.15.[0-8]", "5.14.[0-2]", "5.13.2"],
            "sdk_essential_packages": ["build-tools;31.0.0", "ndk;21.3.6528147"],
            "ndk_path": "ndk/21.3.6528147"
        },
        {
            "versions": ["5.12.[0-5]", "5.13.[0-1]"],
            "sdk_essential_packages": ["build-tools;28.0.2", "ndk;19.2.5345600"],
            "ndk_path": "ndk/19.2.5345600"
        }
    ]
}
