<?xml version="1.0" encoding="UTF-8"?>
<!DOCTYPE QtCreatorCMakeTools>
<!-- Written by QtCreator 7.0.0, 2022-04-15T14:30:07. -->
<qtcreator>
 <data>
  <variable>CMakeTools.0</variable>
  <valuemap type="QVariantMap">
   <value type="bool" key="AutoCreateBuildDirectory">false</value>
   <value type="bool" key="AutoDetected">true</value>
   <value type="bool" key="AutoRun">true</value>
   <value type="QString" key="Binary">/Users/yoshlikmedia/Qt/Tools/CMake//CMake.app/Contents/MacOS/CMake</value>
   <value type="QString" key="DetectionSource"></value>
   <value type="QString" key="DisplayName">CMake 3.21.1 (Qt)</value>
   <value type="QString" key="Id">qt.tools.cmake</value>
   <value type="QString" key="QchFile">/Users/yoshlikmedia/Qt/Tools/CMake/CMake.app/Contents/doc/cmake/CMake.qch</value>
  </valuemap>
 </data>
 <data>
  <variable>CMakeTools.Count</variable>
  <value type="int">1</value>
 </data>
 <data>
  <variable>CMakeTools.Default</variable>
  <value type="QString">qt.tools.cmake</value>
 </data>
 <data>
  <variable>Version</variable>
  <value type="int">1</value>
 </data>
</qtcreator>
