<?xml version="1.0" encoding="UTF-8"?>
<!DOCTYPE QtCreatorDebuggers>
<!-- Written by QtCreator 7.0.0, 2022-04-18T10:00:22. -->
<qtcreator>
 <data>
  <variable>DebuggerItem.0</variable>
  <valuemap type="QVariantMap">
   <valuelist type="QVariantList" key="Abis">
    <value type="QString">x86-darwin-generic-mach_o-64bit</value>
    <value type="QString">arm-darwin-generic-mach_o-64bit</value>
   </valuelist>
   <value type="bool" key="AutoDetected">true</value>
   <value type="QString" key="Binary">/Library/Developer/CommandLineTools/usr/bin/lldb</value>
   <value type="QString" key="DetectionSource"></value>
   <value type="QString" key="DisplayName">System LLDB at /Library/Developer/CommandLineTools/usr/bin/lldb</value>
   <value type="int" key="EngineType">256</value>
   <value type="QString" key="Id">{6708c0b7-44a6-49b9-92cb-845f2f214256}</value>
   <value type="QDateTime" key="LastModified">2022-03-31T08:55:59.000</value>
   <value type="QString" key="Version">1316.0.9.41</value>
   <value type="QString" key="WorkingDirectory"></value>
  </valuemap>
 </data>
 <data>
  <variable>DebuggerItem.1</variable>
  <valuemap type="QVariantMap">
   <valuelist type="QVariantList" key="Abis">
    <value type="QString">x86-darwin-generic-mach_o-64bit</value>
    <value type="QString">arm-darwin-generic-mach_o-64bit</value>
   </valuelist>
   <value type="bool" key="AutoDetected">true</value>
   <value type="QString" key="Binary">/usr/bin/lldb</value>
   <value type="QString" key="DetectionSource"></value>
   <value type="QString" key="DisplayName">System LLDB at /usr/bin/lldb</value>
   <value type="int" key="EngineType">256</value>
   <value type="QString" key="Id">{9ab5ed5a-2a2b-427f-aa7d-39458f4d5f74}</value>
   <value type="QDateTime" key="LastModified">2022-03-26T12:21:13.000</value>
   <value type="QString" key="Version">1316.0.9.41</value>
   <value type="QString" key="WorkingDirectory"></value>
  </valuemap>
 </data>
 <data>
  <variable>DebuggerItem.Count</variable>
  <value type="int">2</value>
 </data>
 <data>
  <variable>Version</variable>
  <value type="int">1</value>
 </data>
</qtcreator>
