<?xml version="1.0" encoding="UTF-8"?>
<!DOCTYPE QtCreatorDevices>
<!-- Written by QtCreator 7.0.0, 2022-04-18T10:00:22. -->
<qtcreator>
 <data>
  <variable>DeviceManager</variable>
  <valuemap type="QVariantMap">
   <valuemap type="QVariantMap" key="DefaultDevices">
    <value type="QString" key="Desktop">Desktop Device</value>
    <value type="QString" key="Ios.Simulator.Type">iOS Simulator Device </value>
   </valuemap>
   <valuelist type="QVariantList" key="DeviceList">
    <valuemap type="QVariantMap">
     <value type="int" key="Authentication">0</value>
     <value type="QString" key="DebugServerKey"></value>
     <valuemap type="QVariantMap" key="ExtraData"/>
     <value type="QString" key="FreePortsSpec">30000-31000</value>
     <value type="QString" key="Host"></value>
     <value type="int" key="HostKeyChecking">2</value>
     <value type="QString" key="InternalId">Desktop Device</value>
     <value type="QString" key="KeyFile"></value>
     <value type="int" key="Origin">1</value>
     <value type="QString" key="OsType">Desktop</value>
     <value type="QString" key="QmlsceneKey"></value>
     <value type="int" key="SshPort">0</value>
     <value type="int" key="Timeout">0</value>
     <value type="int" key="Type">0</value>
     <value type="QString" key="Uname"></value>
     <value type="int" key="Version">0</value>
    </valuemap>
    <valuemap type="QVariantMap">
     <value type="int" key="Authentication">0</value>
     <value type="QString" key="DebugServerKey"></value>
     <valuemap type="QVariantMap" key="ExtraData"/>
     <value type="QString" key="FreePortsSpec">10000-10100</value>
     <value type="QString" key="Host"></value>
     <value type="int" key="HostKeyChecking">2</value>
     <value type="QString" key="InternalId">iOS Simulator Device </value>
     <value type="QString" key="KeyFile"></value>
     <value type="int" key="Origin">1</value>
     <value type="QString" key="OsType">Ios.Simulator.Type</value>
     <value type="QString" key="QmlsceneKey"></value>
     <value type="int" key="SshPort">0</value>
     <value type="int" key="Timeout">0</value>
     <value type="int" key="Type">1</value>
     <value type="QString" key="Uname"></value>
     <value type="int" key="Version">0</value>
    </valuemap>
   </valuelist>
  </valuemap>
 </data>
</qtcreator>
