<?xml version="1.0" encoding="UTF-8"?>
<!DOCTYPE QtCreatorProfiles>
<!-- Written by QtCreator 7.0.0, 2022-04-18T10:00:22. -->
<qtcreator>
 <data>
  <variable>Kit.IrrelevantAspects</variable>
  <valuelist type="QVariantList"/>
 </data>
 <data>
  <variable>Profile.0</variable>
  <valuemap type="QVariantMap">
   <value type="bool" key="PE.Profile.AutoDetected">true</value>
   <value type="QString" key="PE.Profile.AutoDetectionSource"></value>
   <valuemap type="QVariantMap" key="PE.Profile.Data">
    <valuelist type="QVariantList" key="CMake.ConfigurationKitInformation">
     <value type="QString">QT_QMAKE_EXECUTABLE:FILEPATH=%{Qt:qmakeExecutable}</value>
     <value type="QString">CMAKE_PREFIX_PATH:PATH=%{Qt:QT_INSTALL_PREFIX}</value>
     <value type="QString">CMAKE_C_COMPILER:FILEPATH=%{Compiler:Executable:C}</value>
     <value type="QString">CMAKE_CXX_COMPILER:FILEPATH=%{Compiler:Executable:Cxx}</value>
    </valuelist>
    <valuemap type="QVariantMap" key="CMake.GeneratorKitInformation">
     <value type="QString" key="ExtraGenerator"></value>
     <value type="QString" key="Generator">Ninja</value>
     <value type="QString" key="Platform"></value>
     <value type="QString" key="Toolset"></value>
    </valuemap>
    <value type="QString" key="CMakeProjectManager.CMakeKitInformation">qt.tools.cmake</value>
    <value type="QString" key="Debugger.Information">{9ab5ed5a-2a2b-427f-aa7d-39458f4d5f74}</value>
    <value type="QString" key="PE.Profile.Device">Desktop Device</value>
    <value type="QString" key="PE.Profile.DeviceType">Desktop</value>
    <valuemap type="QVariantMap" key="PE.Profile.ToolChainsV3">
     <value type="QByteArray" key="C">{eb6993b8-52b0-4a46-9797-91a8e9c96d2d}</value>
     <value type="QByteArray" key="Cxx">{fba2b197-01ed-47c3-9516-e958897aa44b}</value>
    </valuemap>
    <value type="QString" key="QtSupport.QtInformation">SDK.qt.qt6.624.clang_64</value>
   </valuemap>
   <value type="QString" key="PE.Profile.DeviceTypeForIcon"></value>
   <value type="QString" key="PE.Profile.Icon"></value>
   <value type="QString" key="PE.Profile.Id">qt.qt6.624.clang_64_kit</value>
   <valuelist type="QVariantList" key="PE.Profile.MutableInfo"/>
   <value type="QString" key="PE.Profile.Name">Qt %{Qt:Version} for macOS</value>
   <value type="bool" key="PE.Profile.SDK">true</value>
   <valuelist type="QVariantList" key="PE.Profile.StickyInfo">
    <value type="QString">PE.Profile.DeviceType</value>
    <value type="QString">QtSupport.QtInformation</value>
   </valuelist>
  </valuemap>
 </data>
 <data>
  <variable>Profile.Count</variable>
  <value type="int">1</value>
 </data>
 <data>
  <variable>Profile.Default</variable>
  <value type="QString">qt.qt6.624.clang_64_kit</value>
 </data>
 <data>
  <variable>Version</variable>
  <value type="int">1</value>
 </data>
</qtcreator>
