<?xml version="1.0" encoding="UTF-8"?>
<!DOCTYPE QtCreatorToolChains>
<!-- Written by QtCreator 7.0.0, 2022-04-18T10:06:33. -->
<qtcreator>
 <data>
  <variable>ToolChain.0</variable>
  <valuemap type="QVariantMap">
   <value type="QString" key="ExplicitCodeModelTargetTriple"></value>
   <value type="QByteArray" key="ProjectExplorer.ClangToolChain.ParentToolChainId"></value>
   <value type="QString" key="ProjectExplorer.GccToolChain.OriginalTargetTriple">arm64-apple-darwin21.4.0</value>
   <value type="QString" key="ProjectExplorer.GccToolChain.Path">/usr/bin/clang++</value>
   <valuelist type="QVariantList" key="ProjectExplorer.GccToolChain.PlatformCodeGenFlags"/>
   <valuelist type="QVariantList" key="ProjectExplorer.GccToolChain.PlatformLinkerFlags"/>
   <valuelist type="QVariantList" key="ProjectExplorer.GccToolChain.SupportedAbis">
    <value type="QString">arm-darwin-generic-mach_o-64bit</value>
    <value type="QString">arm-darwin-generic-mach_o-32bit</value>
   </valuelist>
   <value type="QString" key="ProjectExplorer.GccToolChain.TargetAbi">arm-darwin-generic-mach_o-64bit</value>
   <value type="bool" key="ProjectExplorer.ToolChain.Autodetect">true</value>
   <value type="QString" key="ProjectExplorer.ToolChain.DetectionSource"></value>
   <value type="QString" key="ProjectExplorer.ToolChain.DisplayName">Clang (C++, arm 64bit at /usr/bin/clang++)</value>
   <value type="QString" key="ProjectExplorer.ToolChain.Id">ProjectExplorer.ToolChain.Clang:{fba2b197-01ed-47c3-9516-e958897aa44b}</value>
   <value type="int" key="ProjectExplorer.ToolChain.Language">2</value>
   <value type="QString" key="ProjectExplorer.ToolChain.LanguageV2">Cxx</value>
  </valuemap>
 </data>
 <data>
  <variable>ToolChain.1</variable>
  <valuemap type="QVariantMap">
   <value type="QString" key="ExplicitCodeModelTargetTriple"></value>
   <value type="QByteArray" key="ProjectExplorer.ClangToolChain.ParentToolChainId"></value>
   <value type="QString" key="ProjectExplorer.GccToolChain.OriginalTargetTriple">arm64-apple-darwin21.4.0</value>
   <value type="QString" key="ProjectExplorer.GccToolChain.Path">/usr/bin/clang++</value>
   <valuelist type="QVariantList" key="ProjectExplorer.GccToolChain.PlatformCodeGenFlags"/>
   <valuelist type="QVariantList" key="ProjectExplorer.GccToolChain.PlatformLinkerFlags"/>
   <valuelist type="QVariantList" key="ProjectExplorer.GccToolChain.SupportedAbis">
    <value type="QString">arm-darwin-generic-mach_o-64bit</value>
    <value type="QString">arm-darwin-generic-mach_o-32bit</value>
   </valuelist>
   <value type="QString" key="ProjectExplorer.GccToolChain.TargetAbi">arm-darwin-generic-mach_o-32bit</value>
   <value type="bool" key="ProjectExplorer.ToolChain.Autodetect">true</value>
   <value type="QString" key="ProjectExplorer.ToolChain.DetectionSource"></value>
   <value type="QString" key="ProjectExplorer.ToolChain.DisplayName">Clang (C++, arm 32bit at /usr/bin/clang++)</value>
   <value type="QString" key="ProjectExplorer.ToolChain.Id">ProjectExplorer.ToolChain.Clang:{7658f727-894b-494e-b2d3-bceee7ec8a73}</value>
   <value type="int" key="ProjectExplorer.ToolChain.Language">2</value>
   <value type="QString" key="ProjectExplorer.ToolChain.LanguageV2">Cxx</value>
  </valuemap>
 </data>
 <data>
  <variable>ToolChain.2</variable>
  <valuemap type="QVariantMap">
   <value type="QString" key="ExplicitCodeModelTargetTriple"></value>
   <value type="QByteArray" key="ProjectExplorer.ClangToolChain.ParentToolChainId"></value>
   <value type="QString" key="ProjectExplorer.GccToolChain.OriginalTargetTriple">arm64-apple-darwin21.4.0</value>
   <value type="QString" key="ProjectExplorer.GccToolChain.Path">/usr/bin/clang</value>
   <valuelist type="QVariantList" key="ProjectExplorer.GccToolChain.PlatformCodeGenFlags"/>
   <valuelist type="QVariantList" key="ProjectExplorer.GccToolChain.PlatformLinkerFlags"/>
   <valuelist type="QVariantList" key="ProjectExplorer.GccToolChain.SupportedAbis">
    <value type="QString">arm-darwin-generic-mach_o-64bit</value>
    <value type="QString">arm-darwin-generic-mach_o-32bit</value>
   </valuelist>
   <value type="QString" key="ProjectExplorer.GccToolChain.TargetAbi">arm-darwin-generic-mach_o-64bit</value>
   <value type="bool" key="ProjectExplorer.ToolChain.Autodetect">true</value>
   <value type="QString" key="ProjectExplorer.ToolChain.DetectionSource"></value>
   <value type="QString" key="ProjectExplorer.ToolChain.DisplayName">Clang (C, arm 64bit at /usr/bin/clang)</value>
   <value type="QString" key="ProjectExplorer.ToolChain.Id">ProjectExplorer.ToolChain.Clang:{eb6993b8-52b0-4a46-9797-91a8e9c96d2d}</value>
   <value type="int" key="ProjectExplorer.ToolChain.Language">1</value>
   <value type="QString" key="ProjectExplorer.ToolChain.LanguageV2">C</value>
  </valuemap>
 </data>
 <data>
  <variable>ToolChain.3</variable>
  <valuemap type="QVariantMap">
   <value type="QString" key="ExplicitCodeModelTargetTriple"></value>
   <value type="QByteArray" key="ProjectExplorer.ClangToolChain.ParentToolChainId"></value>
   <value type="QString" key="ProjectExplorer.GccToolChain.OriginalTargetTriple">arm64-apple-darwin21.4.0</value>
   <value type="QString" key="ProjectExplorer.GccToolChain.Path">/usr/bin/clang</value>
   <valuelist type="QVariantList" key="ProjectExplorer.GccToolChain.PlatformCodeGenFlags"/>
   <valuelist type="QVariantList" key="ProjectExplorer.GccToolChain.PlatformLinkerFlags"/>
   <valuelist type="QVariantList" key="ProjectExplorer.GccToolChain.SupportedAbis">
    <value type="QString">arm-darwin-generic-mach_o-64bit</value>
    <value type="QString">arm-darwin-generic-mach_o-32bit</value>
   </valuelist>
   <value type="QString" key="ProjectExplorer.GccToolChain.TargetAbi">arm-darwin-generic-mach_o-32bit</value>
   <value type="bool" key="ProjectExplorer.ToolChain.Autodetect">true</value>
   <value type="QString" key="ProjectExplorer.ToolChain.DetectionSource"></value>
   <value type="QString" key="ProjectExplorer.ToolChain.DisplayName">Clang (C, arm 32bit at /usr/bin/clang)</value>
   <value type="QString" key="ProjectExplorer.ToolChain.Id">ProjectExplorer.ToolChain.Clang:{50adb225-3d64-4d8e-afe1-ee5124b6af1b}</value>
   <value type="int" key="ProjectExplorer.ToolChain.Language">1</value>
   <value type="QString" key="ProjectExplorer.ToolChain.LanguageV2">C</value>
  </valuemap>
 </data>
 <data>
  <variable>ToolChain.4</variable>
  <valuemap type="QVariantMap">
   <value type="QString" key="ExplicitCodeModelTargetTriple"></value>
   <value type="QByteArray" key="ProjectExplorer.ClangToolChain.ParentToolChainId"></value>
   <value type="QString" key="ProjectExplorer.GccToolChain.OriginalTargetTriple">x86_64-apple-darwin21.4.0</value>
   <value type="QString" key="ProjectExplorer.GccToolChain.Path">/Users/yoshlikmedia/Qt/Qt Creator.app/Contents/Resources/libexec/clang/bin/clang</value>
   <valuelist type="QVariantList" key="ProjectExplorer.GccToolChain.PlatformCodeGenFlags"/>
   <valuelist type="QVariantList" key="ProjectExplorer.GccToolChain.PlatformLinkerFlags"/>
   <valuelist type="QVariantList" key="ProjectExplorer.GccToolChain.SupportedAbis">
    <value type="QString">x86-darwin-generic-mach_o-64bit</value>
    <value type="QString">x86-darwin-generic-mach_o-32bit</value>
   </valuelist>
   <value type="QString" key="ProjectExplorer.GccToolChain.TargetAbi">x86-darwin-generic-mach_o-64bit</value>
   <value type="bool" key="ProjectExplorer.ToolChain.Autodetect">true</value>
   <value type="QString" key="ProjectExplorer.ToolChain.DetectionSource"></value>
   <value type="QString" key="ProjectExplorer.ToolChain.DisplayName">Clang (C, x86 64bit at /Users/yoshlikmedia/Qt/Qt Creator.app/Contents/Resources/libexec/clang/bin/clang)</value>
   <value type="QString" key="ProjectExplorer.ToolChain.Id">ProjectExplorer.ToolChain.Clang:{1110230b-f9c7-4c9e-a4f5-ad2f2f38c43c}</value>
   <value type="int" key="ProjectExplorer.ToolChain.Language">1</value>
   <value type="QString" key="ProjectExplorer.ToolChain.LanguageV2">C</value>
  </valuemap>
 </data>
 <data>
  <variable>ToolChain.5</variable>
  <valuemap type="QVariantMap">
   <value type="QString" key="ExplicitCodeModelTargetTriple"></value>
   <value type="QByteArray" key="ProjectExplorer.ClangToolChain.ParentToolChainId"></value>
   <value type="QString" key="ProjectExplorer.GccToolChain.OriginalTargetTriple">x86_64-apple-darwin21.4.0</value>
   <value type="QString" key="ProjectExplorer.GccToolChain.Path">/Users/yoshlikmedia/Qt/Qt Creator.app/Contents/Resources/libexec/clang/bin/clang</value>
   <valuelist type="QVariantList" key="ProjectExplorer.GccToolChain.PlatformCodeGenFlags"/>
   <valuelist type="QVariantList" key="ProjectExplorer.GccToolChain.PlatformLinkerFlags"/>
   <valuelist type="QVariantList" key="ProjectExplorer.GccToolChain.SupportedAbis">
    <value type="QString">x86-darwin-generic-mach_o-64bit</value>
    <value type="QString">x86-darwin-generic-mach_o-32bit</value>
   </valuelist>
   <value type="QString" key="ProjectExplorer.GccToolChain.TargetAbi">x86-darwin-generic-mach_o-32bit</value>
   <value type="bool" key="ProjectExplorer.ToolChain.Autodetect">true</value>
   <value type="QString" key="ProjectExplorer.ToolChain.DetectionSource"></value>
   <value type="QString" key="ProjectExplorer.ToolChain.DisplayName">Clang (C, x86 32bit at /Users/yoshlikmedia/Qt/Qt Creator.app/Contents/Resources/libexec/clang/bin/clang)</value>
   <value type="QString" key="ProjectExplorer.ToolChain.Id">ProjectExplorer.ToolChain.Clang:{d5c4f12a-88ab-42b3-8b30-5a17e912392b}</value>
   <value type="int" key="ProjectExplorer.ToolChain.Language">1</value>
   <value type="QString" key="ProjectExplorer.ToolChain.LanguageV2">C</value>
  </valuemap>
 </data>
 <data>
  <variable>ToolChain.Count</variable>
  <value type="int">6</value>
 </data>
 <data>
  <variable>Version</variable>
  <value type="int">1</value>
 </data>
</qtcreator>
